Dictionnaire ;;;;;;;;;;;;;;;;;;;;;;;;;;;;
;;;;;;;;;;;;;;;;;;;;;;;;;;;;
Sexe;Abrégé;Anonyme;;Type d'habitat;Anonyme;;Conjonctivite;Anonyme;;COFACTEURS généraux;Anonyme;;ATCD d'anaphylaxie alimentaire (AA);Anonyme;;Polyallergie alimentaire;Anonyme;;Viande de mammifère ;Anonyme;;GINA (ancien);Anonyme;;Puce réalisée;Anonyme;;
Masculin;M;1;;9 - Non renseigné;9;;9 - Non renseigné;9;;9 - Non renseigné;9;;9 - Non renseigné;9;;9 - Non renseigné;9;;9 - Non renseigné;9;;9 - Non renseigné;9;;0- ISAC version 1;0;;
Féminin;F;0;;0- Rural;0;;0 - non;0;;0 - Aucun connu;0;;0 - Non;0;;0 - Absence de polyallergie;0;;0 - Consommé;0;;0 - Absence d'asthme;0;;1- ISAC E112i;1;;
;;;;1- Urbain;1;;1 - oui;1;;1 - Effort/Activité sportive ;1;;1 - Oui;1;;1 - Au moins 2 classes d'aliments;1;;1 - Non consommé;1;;1- Asthme, non gradé;1;;2 - ALEX;2;;
Mois du prélèvement;Abrégé;Anonyme;;Atopie familliale (parents et fratrie);Anonyme;;Syndrome oral;Anonyme;;2 - AINS;2;;2 - Pas d'anaphylaxie;2;;;;;2 - Anaphylaxie non retardée (<1 h);2;;2 - Intermittent, léger;2;;;;;
Numéro de mois;1 à 12;;;9 - Non renseigné;9;;9 - Non renseigné;9;;3 - Alcool;3;;3 - Seulement à l'interrogatoire ;3;;Clinique par Aliment;Anonyme;;3 - Anaphylaxie retardée (2-4 h);3;;3 - Intermittent, sévère;3;;;;;
;;;;0 - Non;0;;0 - Non;0;;4 - Moisissures (maison insalubre);4;;4 - SAMU/adrénaline;4;;9 - Non renseigné;9;;4 - Anaphylaxie (sans délai connu);4;;4 -Persistant, léger;4;;;;;
;;;;1 - Oui;1;;1 - oui, léger (atteinte cutanéo-muqueuse);1;;5 - Acariens (ancienne literie ou drap non changés);5;;5 - Lors d'un TPO;5;;0 - Aliment consommé;0;;;;;5 - Persistant, sévère;5;;;;;
Département de résidence;Abrégé;Anonyme;;ATCD ou actuel Dermatite Atopique;Anonyme;;2 - oui, sévère (angioedème avec modification de la voix) ;2;;6 - Animaux de compagnie : chat ;6;;6 - Urticaire isolée;6;;1 - Aliment non consommé, en éviction stricte;1;;ARIA (rhinite);Anonyme;;Traitement (New) GINA;Anonyme;;;;;
Numéro de département;;Anonymisé;;9 - Non renseigné;9;;;;;7 - Animaux de compagnie : chien ;7;;7 - Signes systémiques;7;;2 - Aliment consommé sous ITO;2;;9 - Non renseigné;9;;9 - Non renseigné;9;;;;;
Non renseigné;;999;;0 - Aucun ATCD;0;;ATCD de pathologie mastocytaire;Anonyme;;8 - Animaux de compagnie : cheval ;8;;8 - Collapsus;8;;3 - Eviction d'aliment post-anaphylaxie;3;;0 - Absence de rhinite;0;;0 - Aucun;0;;;;;
;;;;1 - DA ancienne guérie;1;;9 - Non renseigné;9;;10 -Animaux de compagnie : rongeur (lapin, hamster, cobaye, souris, rat …);10;;;;;4 - Anaphylaxie récente;4;;1 - Rhinite non gradée;1;;1 - SABA  à la demande;1;;;;;
Région de France;Abrégé;Anonyme;;2 - DA actuelle;2;;0 - Aucun ATCD connu;0;;11-Mucoviscidose;11;;;;;;;;2 - Intermittent, léger;2;;2 - ICS faible dose;2;;;;;
Région de France;;Anonymisé;;Traitement actuel DA;Anonyme;;2 - SAMA;2;;12-IPP;12;;Peau/urticaire;Anonyme;;TPO;Anonyme;;3 - Intermittent, sévère;3;;3 - ICS/LABA faible dose;3;;;;;
;;;;9 - Non renseigné;9;;3 - Mastocytose connue;3;;;;;9 - sans objet;9;;9 - Non disponible;9;;4 - Persistant, léger;4;;4 - ICS/LABA moyenne/forte dose;4;;;;;
;;;;0 - Pas de traitement;0;;4 - HaT connue;4;;Age d'apparition AA;Anonyme;;0 - NON;0;;0 - TPO négatif;0;;5 - Persistant, sévère;5;;5 - ICS/LABA forte dose ou ICS long cours;5;;;;;
;;;;1 - Emollients;1;;5 - Mastocytose + HaT;5;;9 - Non renseigné;9;;1 - OUI;1;;1 - TPO positif modéré;1;;Traitement rhinite;Anonyme;;6 - Biothérapie anti-IL5/IL5R;6;;;;;
;;;;2 - Dermocorticoïdes;2;;;;;0 - Pas d'AA;0;;Digestif ;Anonyme;;2 - TPO positif sévère;2;;9 - Non renseigné;9;;7 - Biothérapie anti-IL4/13R;7;;;;;
;;;;3 - Protopic;3;;ATCD d'anaphylaxie aux venins;Anonyme;;1- Avant 6 mois;1;;9 - sans objet;9;;;;;0 - Aucun;0;;8 - Non répondeur biothérapie;8;;;;;
;;;;4 - Ciclosporine voie générale;4;;9 - Non renseigné;9;;2 - Entre 6 mois et 2 ans;2;;0 - NON;0;;;;;1 - Anti-H1, voie locale;1;;10 - LTRA +/- low dose ICS;10;;;;;
;;;;5 - Dupilumab;5;;0 - Aucun ATCD connu;0;;3 - Entre 2 - 3 ans;3;;1 - OUI;1;;;;;2 - Anti-H1 voie générale;2;;;;;;;;
;;;;6 - Upadacitinib;6;;1 - oui;1;;4 - Entre 3 - 10 ans;4;;respiratoire ;Anonyme;;;;;3 - Anti-H1 + CS voie locale;3;;;;;;;;
;;;;7 - Baricitinib;7;;;;;5 - Entre 10 - 20 ans;5;;9 - sans objet;9;;;;;4 - CS voie générale;4;;;;;;;;
;;;;;;;;;;6 - Après 20 ans;6;;0 - NON;0;;;;;;;;;;;;;;
;;;;;;;;;;;;;1 - OUI;1;;;;;;;;;;;;;;
;;;;;;;;;;;;;CV;Anonyme;;;;;;;;;;;;;;
;;;;;;;;;;;;;9 - sans objet;9;;;;;;;;;;;;;;
;;;;;;;;;;;;;0 - NON;0;;;;;;;;;;;;;;
;;;;;;;;;;;;;1 - OUI;1;;;;;;;;;;;;;;
;;;;;;;;;;;;;;;;;;;;;;;;;;;;
;;;;;;;;;;;;;;;;;;;;;;;;;;;;
;;;;;;;;;;;;;;;;;;;;;;;;;;;;
;;;;;;;;;;;;;;;;;;;;;;;;;;;;
;;;;;;;;;;;;;;;;;;;;;;;;;;;;
;;;;;;;;;;;;;;;;;;;;;;;;;;;;
;;;;;;;;;;;;;;;;;;;;;;;;;;;;
;;;;;;;;;;;;;;;;;;;;;;;;;;;;
;;;;;;;;;;;;;;;;;;;;;;;;;;;;
;;;;;;;;;;;;;;;;;;;;;;;;;;;;
;;;;;;;;;;;;;;;;;;;;;;;;;;;;
;;;;;;;;;;;;;;;;;;;;;;;;;;;;
;;;;;;;;;;;;;;;;;;;;;;;;;;;;
;;;;;;;;;;;;;;;;;;;;;;;;;;;;
;;;;;;;;;;;;;;;;;;;;;;;;;;;;
;;;;;;;;;;;;;;;;;;;;;;;;;;;;
;;;;;;;;;;;;;;;;;;;;;;;;;;;;
;;;;;;;;;;;;;;;;;;;;;;;;;;;;
;;;;;;;;;;;;;;;;;;;;;;;;;;;;
;;;;;;;;;;;;;;;;;;;;;;;;;;;;
;;;;;;;;;;;;;;;;;;;;;;;;;;;;
;;;;;;;;;;;;;;;;;;;;;;;;;;;;
;;;;;;;;;;;;;;;;;;;;;;;;;;;;
;;;;;;;;;;;;;;;;;;;;;;;;;;;;
;;;;;;;;;;;;;;;;;;;;;;;;;;;;
;;;;;;;;;;;;;;;;;;;;;;;;;;;;
;;;;;;;;;;;;;;;;;;;;;;;;;;;;
;;;;;;;;;;;;;;;;;;;;;;;;;;;;
;;;;;;;;;;;;;;;;;;;;;;;;;;;;
;;;;;;;;;;;;;;;;;;;;;;;;;;;;
;;;;;;;;;;;;;;;;;;;;;;;;;;;;
;;;;;;;;;;;;;;;;;;;;;;;;;;;;
;;;;;;;;;;;;;;;;;;;;;;;;;;;;
;;;;;;;;;;;;;;;;;;;;;;;;;;;;
;;;;;;;;;;;;;;;;;;;;;;;;;;;;
;;;;;;;;;;;;;;;;;;;;;;;;;;;;
;;;;;;;;;;;;;;;;;;;;;;;;;;;;
;;;;;;;;;;;;;;;;;;;;;;;;;;;;
;;;;;;;;;;;;;;;;;;;;;;;;;;;;
;;;;;;;;;;;;;;;;;;;;;;;;;;;;
;;;;;;;;;;;;;;;;;;;;;;;;;;;;
;;;;;;;;;;;;;;;;;;;;;;;;;;;;
;;;;;;;;;;;;;;;;;;;;;;;;;;;;
;;;;;;;;;;;;;;;;;;;;;;;;;;;;
;;;;;;;;;;;;;;;;;;;;;;;;;;;;
;;;;;;;;;;;;;;;;;;;;;;;;;;;;
;;;;;;;;;;;;;;;;;;;;;;;;;;;;
;;;;;;;;;;;;;;;;;;;;;;;;;;;;
;;;;;;;;;;;;;;;;;;;;;;;;;;;;
;;;;;;;;;;;;;;;;;;;;;;;;;;;;
;;;;;;;;;;;;;;;;;;;;;;;;;;;;
;;;;;;;;;;;;;;;;;;;;;;;;;;;;
;;;;;;;;;;;;;;;;;;;;;;;;;;;;
;;;;;;;;;;;;;;;;;;;;;;;;;;;;
;;;;;;;;;;;;;;;;;;;;;;;;;;;;
;;;;;;;;;;;;;;;;;;;;;;;;;;;;
;;;;;;;;;;;;;;;;;;;;;;;;;;;;
;;;;;;;;;;;;;;;;;;;;;;;;;;;;
;;;;;;;;;;;;;;;;;;;;;;;;;;;;
;;;;;;;;;;;;;;;;;;;;;;;;;;;;
;;;;;;;;;;;;;;;;;;;;;;;;;;;;
;;;;;;;;;;;;;;;;;;;;;;;;;;;;
;;;;;;;;;;;;;;;;;;;;;;;;;;;;
;;;;;;;;;;;;;;;;;;;;;;;;;;;;
;;;;;;;;;;;;;;;;;;;;;;;;;;;;
;;;;;;;;;;;;;;;;;;;;;;;;;;;;
;;;;;;;;;;;;;;;;;;;;;;;;;;;;
;;;;;;;;;;;;;;;;;;;;;;;;;;;;
;;;;;;;;;;;;;;;;;;;;;;;;;;;;
;;;;;;;;;;;;;;;;;;;;;;;;;;;;
;;;;;;;;;;;;;;;;;;;;;;;;;;;;
;;;;;;;;;;;;;;;;;;;;;;;;;;;;
;;;;;;;;;;;;;;;;;;;;;;;;;;;;
;;;;;;;;;;;;;;;;;;;;;;;;;;;;
;;;;;;;;;;;;;;;;;;;;;;;;;;;;
;;;;;;;;;;;;;;;;;;;;;;;;;;;;
;;;;;;;;;;;;;;;;;;;;;;;;;;;;
;;;;;;;;;;;;;;;;;;;;;;;;;;;;
;;;;;;;;;;;;;;;;;;;;;;;;;;;;
;;;;;;;;;;;;;;;;;;;;;;;;;;;;
;;;;;;;;;;;;;;;;;;;;;;;;;;;;
;;;;;;;;;;;;;;;;;;;;;;;;;;;;
;;;;;;;;;;;;;;;;;;;;;;;;;;;;
;;;;;;;;;;;;;;;;;;;;;;;;;;;;
;;;;;;;;;;;;;;;;;;;;;;;;;;;;
;;;;;;;;;;;;;;;;;;;;;;;;;;;;
;;;;;;;;;;;;;;;;;;;;;;;;;;;;
;;;;;;;;;;;;;;;;;;;;;;;;;;;;
;;;;;;;;;;;;;;;;;;;;;;;;;;;;
;;;;;;;;;;;;;;;;;;;;;;;;;;;;
;;;;;;;;;;;;;;;;;;;;;;;;;;;;
;;;;;;;;;;;;;;;;;;;;;;;;;;;;
;;;;;;;;;;;;;;;;;;;;;;;;;;;;
;;;;;;;;;;;;;;;;;;;;;;;;;;;;
;;;;;;;;;;;;;;;;;;;;;;;;;;;;
;;;;;;;;;;;;;;;;;;;;;;;;;;;;
;;;;;;;;;;;;;;;;;;;;;;;;;;;;
;;;;;;;;;;;;;;;;;;;;;;;;;;;;
;;;;;;;;;;;;;;;;;;;;;;;;;;;;
;;;;;;;;;;;;;;;;;;;;;;;;;;;9;
