date;ville/station;type de pollen;concentration;niveau de risque
2026-05-20;Paris;Olivier;101 grains/m³;Élevé
2026-05-20;Paris;Cyprès;48 grains/m³;Faible
2026-05-20;Lyon;Bouleau;42 grains/m³;Faible
2026-05-20;Lyon;Graminées;149 grains/m³;Élevé
2026-05-20;Lyon;Cyprès;78 grains/m³;Moyen
2026-05-20;Marseille;Platane;30 grains/m³;Faible
2026-05-20;Marseille;Urticacées;36 grains/m³;Faible
2026-05-20;Marseille;Bouleau;139 grains/m³;Élevé
2026-05-20;Marseille;Ambroisie;60 grains/m³;Moyen
2026-05-20;Toulouse;Bouleau;90 grains/m³;Moyen
2026-05-20;Toulouse;Graminées;137 grains/m³;Élevé
2026-05-20;Toulouse;Cyprès;39 grains/m³;Faible
2026-05-20;Toulouse;Urticacées;121 grains/m³;Élevé
2026-05-20;Nice;Platane;70 grains/m³;Moyen
2026-05-20;Nice;Chêne;67 grains/m³;Moyen
2026-05-20;Nice;Urticacées;63 grains/m³;Moyen
2026-05-20;Nantes;Ambroisie;107 grains/m³;Élevé
2026-05-20;Nantes;Olivier;17 grains/m³;Nul
2026-05-20;Nantes;Platane;28 grains/m³;Faible
2026-05-20;Nantes;Cyprès;135 grains/m³;Élevé
2026-05-20;Strasbourg;Graminées;22 grains/m³;Faible
2026-05-20;Strasbourg;Cyprès;22 grains/m³;Faible
2026-05-20;Bordeaux;Ambroisie;98 grains/m³;Moyen
2026-05-20;Bordeaux;Platane;119 grains/m³;Élevé
2026-05-20;Bordeaux;Bouleau;27 grains/m³;Faible
2026-05-20;Bordeaux;Cyprès;8 grains/m³;Nul
2026-05-20;Lille;Graminées;117 grains/m³;Élevé
2026-05-20;Lille;Platane;49 grains/m³;Faible
2026-05-20;Lille;Ambroisie;129 grains/m³;Élevé
2026-05-20;Montpellier;Ambroisie;126 grains/m³;Élevé
2026-05-20;Montpellier;Chêne;125 grains/m³;Élevé
2026-05-20;Montpellier;Graminées;60 grains/m³;Moyen
2026-05-19;Paris;Urticacées;34 grains/m³;Faible
2026-05-19;Paris;Cyprès;67 grains/m³;Moyen
2026-05-19;Lyon;Graminées;28 grains/m³;Faible
2026-05-19;Lyon;Platane;102 grains/m³;Élevé
2026-05-19;Lyon;Ambroisie;23 grains/m³;Faible
2026-05-19;Marseille;Ambroisie;108 grains/m³;Élevé
2026-05-19;Marseille;Olivier;142 grains/m³;Élevé
2026-05-19;Toulouse;Urticacées;146 grains/m³;Élevé
2026-05-19;Toulouse;Cyprès;43 grains/m³;Faible
2026-05-19;Toulouse;Olivier;50 grains/m³;Moyen
2026-05-19;Nice;Olivier;56 grains/m³;Moyen
2026-05-19;Nice;Platane;118 grains/m³;Élevé
2026-05-19;Nice;Bouleau;106 grains/m³;Élevé
2026-05-19;Nantes;Cyprès;96 grains/m³;Moyen
2026-05-19;Nantes;Platane;63 grains/m³;Moyen
2026-05-19;Nantes;Ambroisie;82 grains/m³;Moyen
2026-05-19;Nantes;Graminées;65 grains/m³;Moyen
2026-05-19;Strasbourg;Ambroisie;75 grains/m³;Moyen
2026-05-19;Strasbourg;Urticacées;54 grains/m³;Moyen
2026-05-19;Strasbourg;Platane;96 grains/m³;Moyen
2026-05-19;Bordeaux;Graminées;136 grains/m³;Élevé
2026-05-19;Bordeaux;Ambroisie;114 grains/m³;Élevé
2026-05-19;Bordeaux;Bouleau;101 grains/m³;Élevé
2026-05-19;Lille;Cyprès;84 grains/m³;Moyen
2026-05-19;Lille;Ambroisie;126 grains/m³;Élevé
2026-05-19;Lille;Graminées;123 grains/m³;Élevé
2026-05-19;Lille;Bouleau;63 grains/m³;Moyen
2026-05-19;Montpellier;Graminées;101 grains/m³;Élevé
2026-05-19;Montpellier;Olivier;80 grains/m³;Moyen
2026-05-19;Montpellier;Urticacées;15 grains/m³;Nul
2026-05-19;Montpellier;Cyprès;126 grains/m³;Élevé
2026-05-18;Paris;Chêne;63 grains/m³;Moyen
2026-05-18;Paris;Ambroisie;13 grains/m³;Nul
2026-05-18;Lyon;Bouleau;68 grains/m³;Moyen
2026-05-18;Lyon;Chêne;53 grains/m³;Moyen
2026-05-18;Marseille;Olivier;126 grains/m³;Élevé
2026-05-18;Marseille;Graminées;10 grains/m³;Nul
2026-05-18;Marseille;Bouleau;147 grains/m³;Élevé
2026-05-18;Toulouse;Cyprès;26 grains/m³;Faible
2026-05-18;Toulouse;Ambroisie;39 grains/m³;Faible
2026-05-18;Nice;Cyprès;28 grains/m³;Faible
2026-05-18;Nice;Platane;89 grains/m³;Moyen
2026-05-18;Nice;Bouleau;130 grains/m³;Élevé
2026-05-18;Nantes;Urticacées;108 grains/m³;Élevé
2026-05-18;Nantes;Bouleau;59 grains/m³;Moyen
2026-05-18;Nantes;Chêne;31 grains/m³;Faible
2026-05-18;Strasbourg;Chêne;118 grains/m³;Élevé
2026-05-18;Strasbourg;Graminées;127 grains/m³;Élevé
2026-05-18;Bordeaux;Chêne;20 grains/m³;Faible
2026-05-18;Bordeaux;Urticacées;89 grains/m³;Moyen
2026-05-18;Bordeaux;Graminées;52 grains/m³;Moyen
2026-05-18;Bordeaux;Platane;117 grains/m³;Élevé
2026-05-18;Lille;Cyprès;129 grains/m³;Élevé
2026-05-18;Lille;Graminées;116 grains/m³;Élevé
2026-05-18;Lille;Platane;81 grains/m³;Moyen
2026-05-18;Lille;Olivier;37 grains/m³;Faible
2026-05-18;Montpellier;Olivier;123 grains/m³;Élevé
2026-05-18;Montpellier;Chêne;124 grains/m³;Élevé
2026-05-18;Montpellier;Cyprès;72 grains/m³;Moyen
2026-05-18;Montpellier;Ambroisie;27 grains/m³;Faible
2026-05-17;Paris;Graminées;55 grains/m³;Moyen
2026-05-17;Paris;Platane;53 grains/m³;Moyen
2026-05-17;Paris;Ambroisie;135 grains/m³;Élevé
2026-05-17;Paris;Olivier;44 grains/m³;Faible
2026-05-17;Lyon;Urticacées;83 grains/m³;Moyen
2026-05-17;Lyon;Graminées;76 grains/m³;Moyen
2026-05-17;Marseille;Urticacées;136 grains/m³;Élevé
2026-05-17;Marseille;Cyprès;43 grains/m³;Faible
2026-05-17;Toulouse;Cyprès;45 grains/m³;Faible
2026-05-17;Toulouse;Olivier;44 grains/m³;Faible
2026-05-17;Toulouse;Graminées;86 grains/m³;Moyen
2026-05-17;Toulouse;Platane;109 grains/m³;Élevé
2026-05-17;Nice;Cyprès;34 grains/m³;Faible
2026-05-17;Nice;Olivier;31 grains/m³;Faible
2026-05-17;Nice;Urticacées;148 grains/m³;Élevé
2026-05-17;Nice;Bouleau;75 grains/m³;Moyen
2026-05-17;Nantes;Bouleau;146 grains/m³;Élevé
2026-05-17;Nantes;Olivier;145 grains/m³;Élevé
2026-05-17;Strasbourg;Olivier;102 grains/m³;Élevé
2026-05-17;Strasbourg;Graminées;127 grains/m³;Élevé
2026-05-17;Strasbourg;Platane;101 grains/m³;Élevé
2026-05-17;Strasbourg;Chêne;19 grains/m³;Nul
2026-05-17;Bordeaux;Platane;102 grains/m³;Élevé
2026-05-17;Bordeaux;Cyprès;132 grains/m³;Élevé
2026-05-17;Lille;Bouleau;128 grains/m³;Élevé
2026-05-17;Lille;Chêne;95 grains/m³;Moyen
2026-05-17;Lille;Cyprès;73 grains/m³;Moyen
2026-05-17;Montpellier;Bouleau;63 grains/m³;Moyen
2026-05-17;Montpellier;Platane;82 grains/m³;Moyen
2026-05-16;Paris;Cyprès;139 grains/m³;Élevé
2026-05-16;Paris;Chêne;77 grains/m³;Moyen
2026-05-16;Paris;Bouleau;125 grains/m³;Élevé
2026-05-16;Lyon;Ambroisie;18 grains/m³;Nul
2026-05-16;Lyon;Bouleau;54 grains/m³;Moyen
2026-05-16;Marseille;Bouleau;95 grains/m³;Moyen
2026-05-16;Marseille;Ambroisie;42 grains/m³;Faible
2026-05-16;Toulouse;Urticacées;79 grains/m³;Moyen
2026-05-16;Toulouse;Cyprès;121 grains/m³;Élevé
2026-05-16;Nice;Graminées;127 grains/m³;Élevé
2026-05-16;Nice;Cyprès;22 grains/m³;Faible
2026-05-16;Nice;Chêne;23 grains/m³;Faible
2026-05-16;Nantes;Cyprès;68 grains/m³;Moyen
2026-05-16;Nantes;Bouleau;22 grains/m³;Faible
2026-05-16;Nantes;Urticacées;116 grains/m³;Élevé
2026-05-16;Nantes;Ambroisie;62 grains/m³;Moyen
2026-05-16;Strasbourg;Urticacées;64 grains/m³;Moyen
2026-05-16;Strasbourg;Cyprès;32 grains/m³;Faible
2026-05-16;Strasbourg;Platane;111 grains/m³;Élevé
2026-05-16;Strasbourg;Olivier;69 grains/m³;Moyen
2026-05-16;Bordeaux;Urticacées;41 grains/m³;Faible
2026-05-16;Bordeaux;Chêne;54 grains/m³;Moyen
2026-05-16;Bordeaux;Ambroisie;16 grains/m³;Nul
2026-05-16;Lille;Bouleau;131 grains/m³;Élevé
2026-05-16;Lille;Olivier;8 grains/m³;Nul
2026-05-16;Lille;Urticacées;61 grains/m³;Moyen
2026-05-16;Lille;Platane;78 grains/m³;Moyen
2026-05-16;Montpellier;Graminées;139 grains/m³;Élevé
2026-05-16;Montpellier;Platane;16 grains/m³;Nul
2026-05-16;Montpellier;Bouleau;122 grains/m³;Élevé
2026-05-15;Paris;Urticacées;120 grains/m³;Élevé
2026-05-15;Paris;Bouleau;98 grains/m³;Moyen
2026-05-15;Paris;Chêne;11 grains/m³;Nul
2026-05-15;Paris;Graminées;51 grains/m³;Moyen
2026-05-15;Lyon;Graminées;88 grains/m³;Moyen
2026-05-15;Lyon;Cyprès;7 grains/m³;Nul
2026-05-15;Lyon;Chêne;40 grains/m³;Faible
2026-05-15;Marseille;Graminées;32 grains/m³;Faible
2026-05-15;Marseille;Bouleau;136 grains/m³;Élevé
2026-05-15;Marseille;Chêne;41 grains/m³;Faible
2026-05-15;Toulouse;Cyprès;27 grains/m³;Faible
2026-05-15;Toulouse;Olivier;82 grains/m³;Moyen
2026-05-15;Toulouse;Chêne;34 grains/m³;Faible
2026-05-15;Toulouse;Ambroisie;105 grains/m³;Élevé
2026-05-15;Nice;Ambroisie;41 grains/m³;Faible
2026-05-15;Nice;Cyprès;53 grains/m³;Moyen
2026-05-15;Nantes;Chêne;89 grains/m³;Moyen
2026-05-15;Nantes;Bouleau;17 grains/m³;Nul
2026-05-15;Strasbourg;Platane;116 grains/m³;Élevé
2026-05-15;Strasbourg;Chêne;117 grains/m³;Élevé
2026-05-15;Strasbourg;Graminées;103 grains/m³;Élevé
2026-05-15;Bordeaux;Cyprès;23 grains/m³;Faible
2026-05-15;Bordeaux;Platane;18 grains/m³;Nul
2026-05-15;Bordeaux;Bouleau;142 grains/m³;Élevé
2026-05-15;Bordeaux;Ambroisie;146 grains/m³;Élevé
2026-05-15;Lille;Platane;52 grains/m³;Moyen
2026-05-15;Lille;Cyprès;19 grains/m³;Nul
2026-05-15;Montpellier;Bouleau;68 grains/m³;Moyen
2026-05-15;Montpellier;Cyprès;99 grains/m³;Moyen
2026-05-14;Paris;Urticacées;93 grains/m³;Moyen
2026-05-14;Paris;Olivier;129 grains/m³;Élevé
2026-05-14;Paris;Cyprès;148 grains/m³;Élevé
2026-05-14;Paris;Chêne;62 grains/m³;Moyen
2026-05-14;Lyon;Cyprès;72 grains/m³;Moyen
2026-05-14;Lyon;Urticacées;125 grains/m³;Élevé
2026-05-14;Lyon;Chêne;116 grains/m³;Élevé
2026-05-14;Lyon;Platane;130 grains/m³;Élevé
2026-05-14;Marseille;Platane;52 grains/m³;Moyen
2026-05-14;Marseille;Bouleau;124 grains/m³;Élevé
2026-05-14;Marseille;Chêne;32 grains/m³;Faible
2026-05-14;Toulouse;Ambroisie;128 grains/m³;Élevé
2026-05-14;Toulouse;Chêne;66 grains/m³;Moyen
2026-05-14;Toulouse;Cyprès;67 grains/m³;Moyen
2026-05-14;Toulouse;Platane;76 grains/m³;Moyen
2026-05-14;Nice;Chêne;21 grains/m³;Faible
2026-05-14;Nice;Urticacées;147 grains/m³;Élevé
2026-05-14;Nice;Bouleau;122 grains/m³;Élevé
2026-05-14;Nantes;Bouleau;136 grains/m³;Élevé
2026-05-14;Nantes;Chêne;114 grains/m³;Élevé
2026-05-14;Nantes;Cyprès;134 grains/m³;Élevé
2026-05-14;Nantes;Graminées;127 grains/m³;Élevé
2026-05-14;Strasbourg;Olivier;86 grains/m³;Moyen
2026-05-14;Strasbourg;Urticacées;44 grains/m³;Faible
2026-05-14;Strasbourg;Platane;91 grains/m³;Moyen
2026-05-14;Strasbourg;Graminées;111 grains/m³;Élevé
2026-05-14;Bordeaux;Cyprès;103 grains/m³;Élevé
2026-05-14;Bordeaux;Bouleau;141 grains/m³;Élevé
2026-05-14;Bordeaux;Urticacées;85 grains/m³;Moyen
2026-05-14;Lille;Cyprès;26 grains/m³;Faible
2026-05-14;Lille;Ambroisie;144 grains/m³;Élevé
2026-05-14;Lille;Urticacées;20 grains/m³;Faible
2026-05-14;Montpellier;Bouleau;19 grains/m³;Nul
2026-05-14;Montpellier;Chêne;125 grains/m³;Élevé
2026-05-14;Montpellier;Cyprès;60 grains/m³;Moyen
